Numï¿½ro etudiant,CODE UE 
21900804,8BAIARVS
21800293,8BAIARVS
21613113,8BAIARVS
21803775,8BAIARVS
21801806,8BAIARVS
21802132,8BAIARVS
21700553,8BAIARVS
21704381,8BAIARVS
21705859,8BAIARVS
21806877,8BAIARVS
21705937,8BAIARVS
21501865,8BAIARVS
21706136,8BAIARVS
21722773,8BAIARVS
21805943,8BAIARVS
21703922,8BAIARVS
21716939,8BAIARVS
21705114,8BAIARVS
21702828,8BAIARVS
21805030,8BAIARVS
21718980,8BAIARVS
21901978,8BAIARVS
21808922,8BAIARVS
21906084,8BAIARVS
21804776,8BAIARVS
21712049,8BAIARVS
21805625,8BAIECPF
21909225,8BAIECPF
21701953,8BAIECPF
21702636,8BAIECPF
21706950,8BAIECPF
21706134,8BAIECPF
21703112,8BAIECPF
21909072,8BAIECPF
21605478,8BAIECPF
21903700,8BAIECPF
21704576,8BAIECPF
21706944,8BAIECPF
21517762,8BAIECPF
21811470,8BAIECPF
21717298,8BAIECPF
21518027,8BAIECPF
21906162,8BAIECPF
21714149,8BAIECPF
21800996,8BAIECPF
21901702,8BAIECPF
21907303,8BAIECPF
21703418,8BAIECPF
21902170,8BAIECPF
21911421,8BAIECPF
21518547,8BAIECPF
21725239,8BAIECPF
21509916,8BAIECPF
21811321,8BAIECPF
2190084,8BAIRGPH
21904965,8BAIRGPH
21903639,8BAIRGPH
21909741,8BAIRGPH
21901741,8BAIRGPH
21725760,8BAIRGPH
21906309,8BAIRGPH
21908040,8BAIRGPH
21906189,8BAIRGPH
21906764,8BAIRGPH
21904574,8BAIRGPH
21905245,8BAIRGPH
21904088,8BAIRGPH
21906332,8BAIRGPH
21907427,8BAIRGPH
21525196,8BAITHTR
21907653,8BAITHTR
21905411,8BAITHTR
21702917,8BAITHTR
21905317,8BAITHTR
21802846,8BAITHTR
21801245,8BAITHTR
21803864,8BAITHTR
21904609,8BAITHTR
21900533,8BAITHTR
21903278,8BAITHTR
21902648,8BAITHTR
21902968,8BAITHTR
21900882,8BAITHTR
21901180,8BAITHTR
21717064,8BAITHTR
21903700,8BAITHTR
21907569,8BAITHTR
21904237,8BAITHTR
21519561,8BAITHTR
21717298,8BAITHTR
21911108,8BAITHTR
21704421,8BAITHTR
21903244,8BAITHTR
21718927,8BAITHTR
21903830,8BAITHTR
21912898,8BAITHTR
21518624,8BAITHTR
21804779,8BAITHTR
21900381,8BAITHTR
21901453,8BAITHTR
21803852,8BAITHTR
21804606,8BAITHTR
21909196,8BAITHTR
21904897,8BAICGUO
21904084,8BAICGUO
21904324,8BAICGUO
21907554,8BAICGUO
21900466,8BAICGUO
21806824,8BAICGUO
21902534,8BAICGUO
21904455,8BAICGUO
21904788,8BAICGUO
21902934,8BAICGUO
21902998,8BAICGUO
21905643,8BAICGUO
21908188,8BAICGUO
21908592,8BAICGUO
21904331,8BAICGUO
21804862,8BAICGUO
21900414,8BAICGUO
21900511,8BAICGUO
21903472,8BAICGUO
21900806,8BAICGUO
21801485,8BAICGUO
21908804,8BAICGUO
21517242,8BAICGUO
21707369,8BAICGUO
21803408,8BAICGUO
21905989,8BAICGUO
21706787,8BAICGUO
21910338,8BAICGUO
21800501,8BAICGUO
21706123,8BAICGUO
21903086,8BAICGUO
21900680,8BAICGUO
21900612,8BAICGUO
21819669,8BAICGUO
21820673,8BAICGUO
